{
  "id": "",
  "name": "",
  "font_family": "iconfont",
  "css_prefix_text": "icon-",
  "description": "",
  "glyphs": [
    {
      "icon_id": "2507",
      "name": "宝",
      "font_class": "bao",
      "unicode": "3584",
      "unicode_decimal": 13700
    },
    {
      "icon_id": "684424",
      "name": "网",
      "font_class": "iconq",
      "unicode": "e604",
      "unicode_decimal": 58884
    },
    {
      "icon_id": "1921163",
      "name": "淘",
      "font_class": "tao",
      "unicode": "e6ad",
      "unicode_decimal": 59053
    },
    {
      "icon_id": "5772197",
      "name": "cart",
      "font_class": "cart",
      "unicode": "e601",
      "unicode_decimal": 58881
    },
    {
      "icon_id": "16148734",
      "name": "二维码",
      "font_class": "ico",
      "unicode": "e504",
      "unicode_decimal": 58628
    },
    {
      "icon_id": "18426191",
      "name": "search",
      "font_class": "search",
      "unicode": "e501",
      "unicode_decimal": 58625
    }
  ]
}
